filename,dataset,time,nodes,edges,epochs,hyp,dim,euc,edim,sph,sdim,MAP,avg_distortion,wc,me,mc,best_loss,distortion,map,wc_dist,final_loss
dataset_data-PPI-cleaned-remapped-interactions_with_dates_2015_nodes_1104_edges_1952_component_0.edges-riemann_--batch-size-epochs_100-subsample_16-hyp_1-dim_18-euc_0-edim_0-sph_0-sdim_0_log.txt,PPI,2015,1104,1952,100,1,18,0,0,0,0,0.7476822816893055,0.24230317574637225,45.51960107799775,2.6635373786398113,17.08990511754832,0.08224883503075618,0.22283269546913756,0.7376911237834859,6.286615123633418,0.08224883503075618
dataset_data-PPI-cleaned-remapped-interactions_with_dates_2015_nodes_1104_edges_1952_component_0.edges-riemann_--batch-size-epochs_100-subsample_16-hyp_0-dim_0-euc_1-edim_18-sph_0-sdim_0_log.txt,PPI,2015,1104,1952,100,0,0,1,18,0,0,0.22217215193520284,0.13569697163017236,42.01811956797412,2.3633872064174217,17.77877084799319,0.026143426008499497,0.11579391532227193,0.4554592278470815,4.756358453648383,0.026143426008499497
dataset_data-PPI-cleaned-remapped-interactions_with_dates_2015_nodes_1104_edges_1952_component_0.edges-riemann_--batch-size-epochs_100-subsample_16-hyp_0-dim_0-euc_0-edim_0-sph_1-sdim_18_log.txt,PPI,2015,1104,1952,100,0,0,0,0,1,18,0.05187348201727556,0.6117934216222148,20.2450882751062,1.468619551825496,13.785114225084044,0.268208440911469,0.45741786498673,0.06436945412310201,8.068250479291365,0.268208440911469
dataset_data-PPI-cleaned-remapped-interactions_with_dates_2014_nodes_7832_edges_26081_component_0.edges-riemann_--batch-size-epochs_100-subsample_16-hyp_1-dim_18-euc_0-edim_0-sph_0-sdim_0_log.txt,PPI,2014,7832,26081,100,1,18,0,0,0,0,0.4017787799944257,0.2774625161442693,806.5045407769235,2.6495100541419623,304.3976147650846,0.08739695315006706,0.23576535364520657,0.4156153011831394,6.190245802144069,0.08739695315006706
dataset_data-PPI-cleaned-remapped-interactions_with_dates_2014_nodes_7832_edges_26081_component_0.edges-riemann_--batch-size-epochs_100-subsample_16-hyp_0-dim_0-euc_1-edim_18-sph_0-sdim_0_log.txt,PPI,2014,7832,26081,100,0,0,1,18,0,0,0.25485792428586235,0.21541905565788408,508.77195795406715,2.4678005276608035,206.16413370991762,0.05428409232036567,0.17988623831228076,0.32908869247087824,5.319002993136115,0.05428409232036567
dataset_data-PPI-cleaned-remapped-interactions_with_dates_2014_nodes_7832_edges_26081_component_0.edges-riemann_--batch-size-epochs_100-subsample_16-hyp_0-dim_0-euc_0-edim_0-sph_1-sdim_18_log.txt,PPI,2014,7832,26081,100,0,0,0,0,1,18,0.014014556121645694,0.5890655147313301,59.5738071706326,1.7196681157004619,34.64261890229137,0.21294944802844035,0.39139184556113277,0.017148247543768043,7.468596753598235,0.21294944802844035
dataset_data-PPI-cleaned-remapped-interactions_with_dates_2013_nodes_4358_edges_8265_component_0.edges-riemann_--batch-size-epochs_100-subsample_16-hyp_1-dim_18-euc_0-edim_0-sph_0-sdim_0_log.txt,PPI,2013,4358,8265,100,1,18,0,0,0,0,0.5214003137791131,0.2679525051741428,51.06457712228101,2.67778226785511,19.069727115335436,0.10017387444957641,0.25196637420515106,0.5110375835772862,6.076968096402679,0.10017387444957641
dataset_data-PPI-cleaned-remapped-interactions_with_dates_2013_nodes_4358_edges_8265_component_0.edges-riemann_--batch-size-epochs_100-subsample_16-hyp_0-dim_0-euc_1-edim_18-sph_0-sdim_0_log.txt,PPI,2013,4358,8265,100,0,0,1,18,0,0,0.30735683394141544,0.1845980066658039,48.58428191909737,2.729401474460385,17.800342812778286,0.0510607739901153,0.17253820511277365,0.403028933938148,5.010154556453014,0.0510607739901153
dataset_data-PPI-cleaned-remapped-interactions_with_dates_2013_nodes_4358_edges_8265_component_0.edges-riemann_--batch-size-epochs_100-subsample_16-hyp_0-dim_0-euc_0-edim_0-sph_1-sdim_18_log.txt,PPI,2013,4358,8265,100,0,0,0,0,1,18,0.018220755097435,0.6225784899971236,29.576739845870314,1.6092172779245937,18.37958133535293,0.26883361721020665,0.4655350122440479,0.020059710631792828,7.667990791303915,0.26883361721020665
dataset_data-PPI-cleaned-remapped-interactions_with_dates_2012_nodes_4891_edges_10687_component_0.edges-riemann_--batch-size-epochs_100-subsample_16-hyp_1-dim_18-euc_0-edim_0-sph_0-sdim_0_log.txt,PPI,2012,4891,10687,100,1,18,0,0,0,0,0.4420727286660886,0.2396189363524769,92.90564306363481,2.7264270648607956,34.07596860412561,0.07698573324641562,0.2206771572834916,0.47155006970795665,5.024242710543683,0.07698573324641562
dataset_data-PPI-cleaned-remapped-interactions_with_dates_2012_nodes_4891_edges_10687_component_0.edges-riemann_--batch-size-epochs_100-subsample_16-hyp_0-dim_0-euc_1-edim_18-sph_0-sdim_0_log.txt,PPI,2012,4891,10687,100,0,0,1,18,0,0,0.2263574370570744,0.16399609488108366,52.71412692815366,2.341548432319561,22.51250762126433,0.038689227638332255,0.14843025012103572,0.29697076152400925,3.969895836432959,0.038689227638332255
dataset_data-PPI-cleaned-remapped-interactions_with_dates_2012_nodes_4891_edges_10687_component_0.edges-riemann_--batch-size-epochs_100-subsample_16-hyp_0-dim_0-euc_0-edim_0-sph_1-sdim_18_log.txt,PPI,2012,4891,10687,100,0,0,0,0,1,18,0.016225894721814273,0.5637821690242721,41.01283128772579,1.742782488952645,23.532960393911893,0.2139968639437659,0.40730663301573544,0.01860693384883438,7.285132817435067,0.2139968639437659
dataset_data-PPI-cleaned-remapped-interactions_with_dates_2011_nodes_9876_edges_20115_component_0.edges-riemann_--batch-size-epochs_100-subsample_16-hyp_1-dim_18-euc_0-edim_0-sph_0-sdim_0_log.txt,PPI,2011,9876,20115,100,1,18,0,0,0,0,0.30291787390051733,0.18579629013649399,29.24851322091754,2.5810409301187054,11.332060983462345,0.04274489704357018,0.14719046481883744,0.3030818676622514,5.693978548250159,0.04274489704357018
dataset_data-PPI-cleaned-remapped-interactions_with_dates_2011_nodes_9876_edges_20115_component_0.edges-riemann_--batch-size-epochs_100-subsample_16-hyp_0-dim_0-euc_1-edim_18-sph_0-sdim_0_log.txt,PPI,2011,9876,20115,100,0,0,1,18,0,0,0.20095993534795675,0.15548253839056644,76.37243747229256,2.4344438578996392,31.371615831052384,0.026952540487674252,0.10924488824624809,0.23128287419931265,4.297426935407795,0.026952540487674252
dataset_data-PPI-cleaned-remapped-interactions_with_dates_2010_nodes_5300_edges_14454_component_0.edges-riemann_--batch-size-epochs_100-subsample_16-hyp_1-dim_18-euc_0-edim_0-sph_0-sdim_0_log.txt,PPI,2010,5300,14454,100,1,18,0,0,0,0,0.45390009084505684,0.24356794959038802,71.66857769251777,2.7851296101057144,25.732582581604692,0.07771480570249832,0.21474417070883384,0.4617460691647275,6.07962403223372,0.07771480570249832
dataset_data-PPI-cleaned-remapped-interactions_with_dates_2010_nodes_5300_edges_14454_component_0.edges-riemann_--batch-size-epochs_100-subsample_16-hyp_0-dim_0-euc_1-edim_18-sph_0-sdim_0_log.txt,PPI,2010,5300,14454,100,0,0,1,18,0,0,0.2834399562589058,0.19057906022061674,36.44065679116905,2.5681431015763114,14.18949620400903,0.04684430204498384,0.16566256300926613,0.35768850673095404,5.119721396897803,0.04684430204498384
dataset_data-PPI-cleaned-remapped-interactions_with_dates_2010_nodes_5300_edges_14454_component_0.edges-riemann_--batch-size-epochs_100-subsample_16-hyp_0-dim_0-euc_0-edim_0-sph_1-sdim_18_log.txt,PPI,2010,5300,14454,100,0,0,0,0,1,18,0.017119280302093944,0.571988224263812,24.381681455805357,1.6904715445201244,14.423006133904849,0.21390469095645023,0.4025844273227369,0.01992548108749721,8.003726587561193,0.21390469095645023
dataset_data-PPI-cleaned-remapped-interactions_with_dates_2009_nodes_4567_edges_9343_component_0.edges-riemann_--batch-size-epochs_100-subsample_16-hyp_1-dim_18-euc_0-edim_0-sph_0-sdim_0_log.txt,PPI,2009,4567,9343,100,1,18,0,0,0,0,0.5274327664494446,0.23101957128138245,79.06102545718208,2.80399510952534,28.195849981552044,0.07126934679112697,0.20920068981704962,0.5347111519751714,5.716969330089179,0.07126934679112697
dataset_data-PPI-cleaned-remapped-interactions_with_dates_2009_nodes_4567_edges_9343_component_0.edges-riemann_--batch-size-epochs_100-subsample_16-hyp_0-dim_0-euc_1-edim_18-sph_0-sdim_0_log.txt,PPI,2009,4567,9343,100,0,0,1,18,0,0,0.30548465463301094,0.16262230441117137,34.9043952561088,2.4375983626613698,14.319174065246822,0.03745624847354194,0.14275217616518943,0.3805539065533535,4.317189369610643,0.03745624847354194
dataset_data-PPI-cleaned-remapped-interactions_with_dates_2009_nodes_4567_edges_9343_component_0.edges-riemann_--batch-size-epochs_100-subsample_16-hyp_0-dim_0-euc_0-edim_0-sph_1-sdim_18_log.txt,PPI,2009,4567,9343,100,0,0,0,0,1,18,0.018739068310615396,0.5632506403626601,23.09767253354668,1.643625547041315,14.052879973254692,0.2126385979695168,0.40278467470049856,0.02050211863232198,7.781280820485151,0.2126385979695168
dataset_data-PPI-cleaned-remapped-interactions_with_dates_2008_nodes_2479_edges_3856_component_0.edges-riemann_--batch-size-epochs_100-subsample_16-hyp_1-dim_18-euc_0-edim_0-sph_0-sdim_0_log.txt,PPI,2008,2479,3856,100,1,18,0,0,0,0,0.6781924469165485,0.24930423861328266,427.6821760587252,2.8565139650133937,149.72171720389957,0.08637622737977746,0.24311962712924323,0.6810502855423627,7.664131976627561,0.08637622737977746
dataset_data-PPI-cleaned-remapped-interactions_with_dates_2008_nodes_2479_edges_3856_component_0.edges-riemann_--batch-size-epochs_100-subsample_16-hyp_0-dim_0-euc_1-edim_18-sph_0-sdim_0_log.txt,PPI,2008,2479,3856,100,0,0,1,18,0,0,0.4202752657080466,0.15414344581691825,92.71072096803051,2.868319390619786,32.32231433891942,0.03734083487446551,0.1404714522020706,0.5595441256132344,4.812119588264374,0.03734083487446551
dataset_data-PPI-cleaned-remapped-interactions_with_dates_2008_nodes_2479_edges_3856_component_0.edges-riemann_--batch-size-epochs_100-subsample_16-hyp_0-dim_0-euc_0-edim_0-sph_1-sdim_18_log.txt,PPI,2008,2479,3856,100,0,0,0,0,1,18,0.03186895540306877,0.6172465747358865,29.79186125879485,1.5527245872378257,19.186829076875902,0.2738605272144812,0.45153810870626115,0.03400697771074615,9.528251266484304,0.2738605272144812
dataset_data-PPI-cleaned-remapped-interactions_with_dates_2007_nodes_3106_edges_6237_component_0.edges-riemann_--batch-size-epochs_100-subsample_16-hyp_1-dim_18-euc_0-edim_0-sph_0-sdim_0_log.txt,PPI,2007,3106,6237,100,1,18,0,0,0,0,0.5964229088494932,0.25208141146048196,172.6752738073535,3.3863032436206137,50.99226542473799,0.09006178970737604,0.2391620368808764,0.5869956515661401,6.8460272132999735,0.09006178970737604
dataset_data-PPI-cleaned-remapped-interactions_with_dates_2007_nodes_3106_edges_6237_component_0.edges-riemann_--batch-size-epochs_100-subsample_16-hyp_0-dim_0-euc_1-edim_18-sph_0-sdim_0_log.txt,PPI,2007,3106,6237,100,0,0,1,18,0,0,0.3570838136800141,0.1691940529919302,37.632442794575034,2.3935150688820834,15.722668005659001,0.04301254338344592,0.16096115924516952,0.4860587808943542,4.006915301242089,0.04301254338344592
dataset_data-PPI-cleaned-remapped-interactions_with_dates_2007_nodes_3106_edges_6237_component_0.edges-riemann_--batch-size-epochs_100-subsample_16-hyp_0-dim_0-euc_0-edim_0-sph_1-sdim_18_log.txt,PPI,2007,3106,6237,100,0,0,0,0,1,18,0.027954482700686213,0.6218344898541814,18.79810498201579,1.482257615961062,12.68207683981271,0.26800393791989635,0.45908778493753033,0.02855290453999618,7.976197462346755,0.26800393791989635
dataset_data-PPI-cleaned-remapped-interactions_with_dates_2006_nodes_2482_edges_3918_component_0.edges-riemann_--batch-size-epochs_100-subsample_16-hyp_1-dim_18-euc_0-edim_0-sph_0-sdim_0_log.txt,PPI,2006,2482,3918,100,1,18,0,0,0,0,0.6856953033544156,0.29048424505041226,124.38064701863598,2.7768232627499065,44.792424742027336,0.11826666503144814,0.28858680167623874,0.6855324100740608,7.647450739253963,0.11826666503144814
dataset_data-PPI-cleaned-remapped-interactions_with_dates_2006_nodes_2482_edges_3918_component_0.edges-riemann_--batch-size-epochs_100-subsample_16-hyp_0-dim_0-euc_1-edim_18-sph_0-sdim_0_log.txt,PPI,2006,2482,3918,100,0,0,1,18,0,0,0.46808919212918576,0.17119250314536882,100.2524551597266,2.6303349230209743,38.11395054002679,0.048914991675810746,0.1680164219130456,0.6079777703183141,4.393415158164779,0.048914991675810746
dataset_data-PPI-cleaned-remapped-interactions_with_dates_2006_nodes_2482_edges_3918_component_0.edges-riemann_--batch-size-epochs_100-subsample_16-hyp_0-dim_0-euc_0-edim_0-sph_1-sdim_18_log.txt,PPI,2006,2482,3918,100,0,0,0,0,1,18,0.031594628435909516,0.6740480855938307,26.912675654552142,1.5274904300922605,17.618883316294568,0.32860936126371587,0.5041029772148178,0.034179930577503945,9.885373327028814,0.32860936126371587
dataset_data-PPI-cleaned-remapped-interactions_with_dates_2005_nodes_4809_edges_10768_component_0.edges-riemann_--batch-size-epochs_100-subsample_16-hyp_1-dim_18-euc_0-edim_0-sph_0-sdim_0_log.txt,PPI,2005,4809,10768,100,1,18,0,0,0,0,0.5755001316924786,0.27636153335191715,182.80791372510535,2.829634532031398,64.60477904680762,0.0977332379368163,0.25357552916063253,0.6254139846527378,7.2936155018241955,0.0977332379368163
dataset_data-PPI-cleaned-remapped-interactions_with_dates_2005_nodes_4809_edges_10768_component_0.edges-riemann_--batch-size-epochs_100-subsample_16-hyp_0-dim_0-euc_1-edim_18-sph_0-sdim_0_log.txt,PPI,2005,4809,10768,100,0,0,1,18,0,0,0.43826148207890336,0.2105087811982419,107.69818491488,3.1800200940333108,33.86713974447982,0.060246848665459374,0.19591410545960058,0.4786932587765792,5.639363140249294,0.060246848665459374
dataset_data-PPI-cleaned-remapped-interactions_with_dates_2005_nodes_4809_edges_10768_component_0.edges-riemann_--batch-size-epochs_100-subsample_16-hyp_0-dim_0-euc_0-edim_0-sph_1-sdim_18_log.txt,PPI,2005,4809,10768,100,0,0,0,0,1,18,0.021193355890465625,0.6313552741375172,28.264134829642156,1.5858734373589862,17.822440406538032,0.26450316097316207,0.4485911465865391,0.0238692454659357,8.337988634805326,0.26450316097316207
dataset_data-PPI-cleaned-remapped-interactions_with_dates_2004_nodes_3198_edges_6820_component_0.edges-riemann_--batch-size-epochs_100-subsample_16-hyp_3-dim_3-euc_1-edim_3-sph_2-sdim_3_log.txt,PPI,2004,3198,6820,100,3,3,1,3,2,3,0.4202147767945701,0.18347757777802004,46.14909197031987,2.6895095118311416,17.15892498885399,0.050384718796817836,0.1747074331897553,0.5212342774826121,4.926621958812208,0.050384718796817836
dataset_data-PPI-cleaned-remapped-interactions_with_dates_2004_nodes_3198_edges_6820_component_0.edges-riemann_--batch-size-epochs_100-subsample_16-hyp_1-dim_18-euc_0-edim_0-sph_0-sdim_0_log.txt,PPI,2004,3198,6820,100,1,18,0,0,0,0,0.648745535492236,0.2604658347205293,79.95973650522295,2.629175564303334,30.412475146523846,0.09589735605312671,0.2442051036599871,0.68329536825677,7.3888386913322055,0.09589735605312671
dataset_data-PPI-cleaned-remapped-interactions_with_dates_2004_nodes_3198_edges_6820_component_0.edges-riemann_--batch-size-epochs_100-subsample_16-hyp_0-dim_0-euc_1-edim_18-sph_0-sdim_0_log.txt,PPI,2004,3198,6820,100,0,0,1,18,0,0,0.40079213870533953,0.17660047942001394,65.93432441295296,2.9685293889716107,22.21110717579745,0.04744826480864626,0.16964171118246552,0.5026988152024734,4.629405015613118,0.04744826480864626
dataset_data-PPI-cleaned-remapped-interactions_with_dates_2004_nodes_3198_edges_6820_component_0.edges-riemann_--batch-size-epochs_100-subsample_16-hyp_0-dim_0-euc_0-edim_0-sph_1-sdim_18_log.txt,PPI,2004,3198,6820,100,0,0,0,0,1,18,0.029304135850355347,0.6360435509747704,21.976982141596043,1.6247772086413206,13.526151169964862,0.27874522305529675,0.46954199019551257,0.031160112923466512,8.898248691160985,0.27874522305529675
dataset_data-PPI-cleaned-remapped-interactions_with_dates_2003_nodes_1955_edges_2962_component_0.edges-riemann_--batch-size-epochs_100-subsample_16-hyp_3-dim_3-euc_1-edim_3-sph_2-sdim_3_log.txt,PPI,2003,1955,2962,100,3,3,1,3,2,3,0.6130131342648004,0.18143609817899822,57.45372781743052,2.6563273538676357,21.6290088395082,0.05351460449495916,0.17572972073360912,0.7553195789784227,4.724745239921431,0.05351460449495916
dataset_data-PPI-cleaned-remapped-interactions_with_dates_2003_nodes_1955_edges_2962_component_0.edges-riemann_--batch-size-epochs_100-subsample_16-hyp_1-dim_18-euc_0-edim_0-sph_0-sdim_0_log.txt,PPI,2003,1955,2962,100,1,18,0,0,0,0,0.7459845931788927,0.3116126070842811,192.72835175383065,3.0893915937590233,62.38391796726813,0.13338429376187796,0.30820080332936584,0.7506377640740314,8.941114376848402,0.13338429376187796
dataset_data-PPI-cleaned-remapped-interactions_with_dates_2003_nodes_1955_edges_2962_component_0.edges-riemann_--batch-size-epochs_100-subsample_16-hyp_0-dim_0-euc_1-edim_18-sph_0-sdim_0_log.txt,PPI,2003,1955,2962,100,0,0,1,18,0,0,0.5711843546311346,0.16747422902242692,57.86316100526778,2.394487987213393,24.16514984174406,0.04790982572224675,0.16373666067342865,0.7497481871051912,5.091674631607402,0.04790982572224675
dataset_data-PPI-cleaned-remapped-interactions_with_dates_2003_nodes_1955_edges_2962_component_0.edges-riemann_--batch-size-epochs_100-subsample_16-hyp_0-dim_0-euc_0-edim_0-sph_1-sdim_18_log.txt,PPI,2003,1955,2962,100,0,0,0,0,1,18,0.043814143079885313,0.7121649337466859,26.024295514078734,1.4366580818560004,18.114467069616367,0.37466828175650047,0.5481648950654209,0.05227296401775451,12.141809824566765,0.37466828175650047
dataset_data-PPI-cleaned-remapped-interactions_with_dates_2002_nodes_1703_edges_2399_component_0.edges-riemann_--batch-size-epochs_100-subsample_16-hyp_3-dim_3-euc_1-edim_3-sph_2-sdim_3_log.txt,PPI,2002,1703,2399,100,3,3,1,3,2,3,0.6863399907206296,0.22165508438637538,79.30735746641386,2.7655343428986114,28.677046687220034,0.07524959316132396,0.22595839548485563,0.8524408958962263,5.547012401453863,0.07524959316132396
dataset_data-PPI-cleaned-remapped-interactions_with_dates_2002_nodes_1703_edges_2399_component_0.edges-riemann_--batch-size-epochs_100-subsample_16-hyp_1-dim_18-euc_0-edim_0-sph_0-sdim_0_log.txt,PPI,2002,1703,2399,100,1,18,0,0,0,0,0.7654752944351878,0.37945979726096485,213.89515514438426,3.031929970728736,70.54752491297606,0.18749614798793335,0.37702855268148355,0.7889704507800606,16.38568341670748,0.18749614798793335
dataset_data-PPI-cleaned-remapped-interactions_with_dates_2002_nodes_1703_edges_2399_component_0.edges-riemann_--batch-size-epochs_100-subsample_16-hyp_0-dim_0-euc_1-edim_18-sph_0-sdim_0_log.txt,PPI,2002,1703,2399,100,0,0,1,18,0,0,0.6613494838867189,0.19809290252621062,43.58742718621848,2.423029804871741,17.988811816751756,0.06415337351937758,0.19796343085753426,0.8221305950099301,4.5679638185378595,0.06415337351937758
dataset_data-PPI-cleaned-remapped-interactions_with_dates_2002_nodes_1703_edges_2399_component_0.edges-riemann_--batch-size-epochs_100-subsample_16-hyp_0-dim_0-euc_0-edim_0-sph_1-sdim_18_log.txt,PPI,2002,1703,2399,100,0,0,0,0,1,18,0.04657901468463535,0.7589858473342743,37.55507839621693,1.3931509425699873,26.956934276581652,0.43593513771721676,0.5913835374897957,0.051938011149493986,14.811385437610316,0.43593513771721676
dataset_data-PPI-cleaned-remapped-interactions_with_dates_2001_nodes_1420_edges_1951_component_0.edges-riemann_--batch-size-epochs_100-subsample_16-hyp_3-dim_3-euc_1-edim_3-sph_2-sdim_3_log.txt,PPI,2001,1420,1951,100,3,3,1,3,2,3,0.7129790216947507,0.21782720174982137,48.31421282481659,2.388031561010633,20.231815028596046,0.07430788538917527,0.2165636123684514,0.8788501224430485,5.0630354546710095,0.07430788538917527
dataset_data-PPI-cleaned-remapped-interactions_with_dates_2001_nodes_1420_edges_1951_component_0.edges-riemann_--batch-size-epochs_100-subsample_16-hyp_1-dim_18-euc_0-edim_0-sph_0-sdim_0_log.txt,PPI,2001,1420,1951,100,1,18,0,0,0,0,0.7692667316449283,0.3810379833432644,402.7148640749757,2.6158935752993253,153.9492538525367,0.18812902398260511,0.37881804408146863,0.8129991940466638,15.365940789319033,0.18812902398260511
dataset_data-PPI-cleaned-remapped-interactions_with_dates_2001_nodes_1420_edges_1951_component_0.edges-riemann_--batch-size-epochs_100-subsample_16-hyp_0-dim_0-euc_1-edim_18-sph_0-sdim_0_log.txt,PPI,2001,1420,1951,100,0,0,1,18,0,0,0.6736625940356006,0.19583411884654106,72.48628368348041,2.6110692567095883,27.761149382466407,0.06311794720482694,0.1945561935364755,0.8614043556606937,4.8185641377503,0.06311794720482694
dataset_data-PPI-cleaned-remapped-interactions_with_dates_2001_nodes_1420_edges_1951_component_0.edges-riemann_--batch-size-epochs_100-subsample_16-hyp_0-dim_0-euc_0-edim_0-sph_1-sdim_18_log.txt,PPI,2001,1420,1951,100,0,0,0,0,1,18,0.05081275267000801,0.7620898529571991,36.14070474302483,1.3906798920402434,25.987795573863803,0.4419888018943939,0.6008094246829606,0.06223862831259595,16.095608327715,0.4419888018943939
dataset_data-PPI-cleaned-remapped-interactions_with_dates_2000_nodes_1235_edges_1748_component_0.edges-riemann_--batch-size-epochs_100-subsample_16-hyp_3-dim_3-euc_1-edim_3-sph_2-sdim_3_log.txt,PPI,2000,1235,1748,100,3,3,1,3,2,3,0.7113730419856189,0.20705360438314252,73.08465462197915,2.378556271374065,30.726477023711098,0.06692825316211388,0.2130149082580158,0.8830673901647781,5.06922411278261,0.06692825316211388
dataset_data-PPI-cleaned-remapped-interactions_with_dates_2000_nodes_1235_edges_1748_component_0.edges-riemann_--batch-size-epochs_100-subsample_16-hyp_1-dim_18-euc_0-edim_0-sph_0-sdim_0_log.txt,PPI,2000,1235,1748,100,1,18,0,0,0,0,0.7812009022427377,0.3554242873051075,190.02447912744523,2.8495529338384866,66.68571651043976,0.16531892865758066,0.34565534107147083,0.8152219658115241,12.355254104363793,0.16531892865758066
dataset_data-PPI-cleaned-remapped-interactions_with_dates_2000_nodes_1235_edges_1748_component_0.edges-riemann_--batch-size-epochs_100-subsample_16-hyp_0-dim_0-euc_1-edim_18-sph_0-sdim_0_log.txt,PPI,2000,1235,1748,100,0,0,1,18,0,0,0.6755264481109654,0.18546531036001476,73.7834259006772,2.494092721168165,29.583273017259383,0.05718161491884242,0.1841191816221944,0.8818229817431705,4.322541554385318,0.05718161491884242
dataset_data-PPI-cleaned-remapped-interactions_with_dates_2000_nodes_1235_edges_1748_component_0.edges-riemann_--batch-size-epochs_100-subsample_16-hyp_0-dim_0-euc_0-edim_0-sph_1-sdim_18_log.txt,PPI,2000,1235,1748,100,0,0,0,0,1,18,0.05653794017620521,0.7475802024565088,28.784073065877962,1.329648232334293,21.647885783554536,0.41984167105490383,0.5810008218988302,0.0693624056789385,13.186166536615495,0.41984167105490383
dataset_data-PPI-cleaned-remapped-interactions_with_dates_1999_nodes_1027_edges_1499_component_0.edges-riemann_--batch-size-epochs_100-subsample_16-hyp_3-dim_3-euc_1-edim_3-sph_2-sdim_3_log.txt,PPI,1999,1027,1499,100,3,3,1,3,2,3,0.7067509631115809,0.1951652314148019,80.36658421127689,2.489072003185442,32.28776994334679,0.05902966253133063,0.19436244963019067,0.8801252059151079,5.107387776899968,0.05902966253133063
dataset_data-PPI-cleaned-remapped-interactions_with_dates_1999_nodes_1027_edges_1499_component_0.edges-riemann_--batch-size-epochs_100-subsample_16-hyp_1-dim_18-euc_0-edim_0-sph_0-sdim_0_log.txt,PPI,1999,1027,1499,100,1,18,0,0,0,0,0.7851115608630669,0.3680230628294653,112.02040762872934,2.749615737575546,40.74038641032166,0.17467589055247,0.3653293840012678,0.8306456371683717,13.274473819149069,0.17467589055247
dataset_data-PPI-cleaned-remapped-interactions_with_dates_1999_nodes_1027_edges_1499_component_0.edges-riemann_--batch-size-epochs_100-subsample_16-hyp_0-dim_0-euc_1-edim_18-sph_0-sdim_0_log.txt,PPI,1999,1027,1499,100,0,0,1,18,0,0,0.6641963954467653,0.17638538825080846,86.0800221815672,2.3017737120698336,37.39725661570837,0.051762303730171315,0.1745851888978637,0.8786918122399977,4.852814383995869,0.051762303730171315
dataset_data-PPI-cleaned-remapped-interactions_with_dates_1999_nodes_1027_edges_1499_component_0.edges-riemann_--batch-size-epochs_100-subsample_16-hyp_0-dim_0-euc_0-edim_0-sph_1-sdim_18_log.txt,PPI,1999,1027,1499,100,0,0,0,0,1,18,0.06520031822512307,0.750084880503183,30.41881611397926,1.2962836539512155,23.466172717105053,0.4250031714845192,0.5830609307668316,0.07431857379265977,14.755976939352655,0.4250031714845192
dataset_data-PPI-cleaned-remapped-interactions_with_dates_1998_nodes_757_edges_1054_component_0.edges-riemann_--batch-size-epochs_100-subsample_16-hyp_3-dim_3-euc_1-edim_3-sph_2-sdim_3_log.txt,PPI,1998,757,1054,100,3,3,1,3,2,3,0.72475610974093,0.21408498350803878,36.328312265342014,2.2210776485813915,16.356164895245787,0.06797404323523114,0.2093345795131312,0.9178690736255629,5.43026634428721,0.06797404323523114
dataset_data-PPI-cleaned-remapped-interactions_with_dates_1998_nodes_757_edges_1054_component_0.edges-riemann_--batch-size-epochs_100-subsample_16-hyp_1-dim_18-euc_0-edim_0-sph_0-sdim_0_log.txt,PPI,1998,757,1054,100,1,18,0,0,0,0,0.81337774880211,0.4094087093370963,62.99449697081136,2.9483226761237313,21.36621526570238,0.2086993793950339,0.4021539415605572,0.8249316167064572,16.72853685008062,0.2086993793950339
dataset_data-PPI-cleaned-remapped-interactions_with_dates_1998_nodes_757_edges_1054_component_0.edges-riemann_--batch-size-epochs_100-subsample_16-hyp_0-dim_0-euc_1-edim_18-sph_0-sdim_0_log.txt,PPI,1998,757,1054,100,0,0,1,18,0,0,0.6816485564917225,0.1887130534742034,44.88562083932644,2.2433741394321762,20.00808516527141,0.05614196479966332,0.19030009352259356,0.9037725253900603,4.986499108646252,0.05614196479966332
dataset_data-PPI-cleaned-remapped-interactions_with_dates_1998_nodes_757_edges_1054_component_0.edges-riemann_--batch-size-epochs_100-subsample_16-hyp_0-dim_0-euc_0-edim_0-sph_1-sdim_18_log.txt,PPI,1998,757,1054,100,0,0,0,0,1,18,0.07937045864552732,0.7652498333240527,31.94796424603425,1.2050225811610116,26.51233656987002,0.45132264688615353,0.6033142427051243,0.11102450305148971,16.694773536184574,0.45132264688615353
dataset_data-PPI-cleaned-remapped-interactions_with_dates_1997_nodes_580_edges_827_component_0.edges-riemann_--batch-size-epochs_100-subsample_16-hyp_3-dim_3-euc_1-edim_3-sph_2-sdim_3_log.txt,PPI,1997,580,827,100,3,3,1,3,2,3,0.7391735370338536,0.1946252644684602,38.161754967334204,2.1107905669658296,18.07936588526169,0.05765450883015064,0.19306193705226013,0.9176902924038874,4.791097854503507,0.05765450883015064
dataset_data-PPI-cleaned-remapped-interactions_with_dates_1997_nodes_580_edges_827_component_0.edges-riemann_--batch-size-epochs_100-subsample_16-hyp_1-dim_18-euc_0-edim_0-sph_0-sdim_0_log.txt,PPI,1997,580,827,100,1,18,0,0,0,0,0.8189913985039319,0.37334394681805816,36.16473637485116,2.49346873196048,14.503785794986399,0.17376565928446844,0.3624331890239711,0.8434937482269617,10.953035360730327,0.17376565928446844
dataset_data-PPI-cleaned-remapped-interactions_with_dates_1997_nodes_580_edges_827_component_0.edges-riemann_--batch-size-epochs_100-subsample_16-hyp_0-dim_0-euc_1-edim_18-sph_0-sdim_0_log.txt,PPI,1997,580,827,100,0,0,1,18,0,0,0.6895349550312975,0.1639617998650818,27.735933419173953,2.2629654189368904,12.25645482121592,0.04503253638493971,0.16274837626118335,0.9295300194609223,4.541340555277064,0.04503253638493971
dataset_data-PPI-cleaned-remapped-interactions_with_dates_1997_nodes_580_edges_827_component_0.edges-riemann_--batch-size-epochs_100-subsample_16-hyp_0-dim_0-euc_0-edim_0-sph_1-sdim_18_log.txt,PPI,1997,580,827,100,0,0,0,0,1,18,0.09910947390535899,0.7510274612989705,25.67497720196753,1.2937885361640684,19.84480190100527,0.4289019406571005,0.5866118493432577,0.13733249684043744,13.787212479060555,0.4289019406571005
dataset_data-PPI-cleaned-remapped-interactions_with_dates_1996_nodes_414_edges_564_component_0.edges-riemann_--batch-size-epochs_100-subsample_16-hyp_3-dim_3-euc_1-edim_3-sph_2-sdim_3_log.txt,PPI,1996,414,564,100,3,3,1,3,2,3,0.7861650403620155,0.17622023587267557,21.098658962829795,2.009997168459526,10.496860042345201,0.048017599282092135,0.17841588157530253,0.9142653770329797,4.0823202771739835,0.048017599282092135
dataset_data-PPI-cleaned-remapped-interactions_with_dates_1996_nodes_414_edges_564_component_0.edges-riemann_--batch-size-epochs_100-subsample_16-hyp_1-dim_18-euc_0-edim_0-sph_0-sdim_0_log.txt,PPI,1996,414,564,100,1,18,0,0,0,0,0.8127672307632821,0.3563656663996782,61.659447085279716,2.335494997618401,26.401018691179537,0.16317002398115718,0.3541339788644442,0.833097392199528,11.792581685812154,0.16317002398115718
dataset_data-PPI-cleaned-remapped-interactions_with_dates_1996_nodes_414_edges_564_component_0.edges-riemann_--batch-size-epochs_100-subsample_16-hyp_0-dim_0-euc_1-edim_18-sph_0-sdim_0_log.txt,PPI,1996,414,564,100,0,0,1,18,0,0,0.7418370173273354,0.1467293640087451,33.70270437619649,1.8992334103032504,17.745425177000854,0.03650477064439694,0.1455957717485125,0.9176495745056786,3.5098197952781733,0.03650477064439694
dataset_data-PPI-cleaned-remapped-interactions_with_dates_1996_nodes_414_edges_564_component_0.edges-riemann_--batch-size-epochs_100-subsample_16-hyp_0-dim_0-euc_0-edim_0-sph_1-sdim_18_log.txt,PPI,1996,414,564,100,0,0,0,0,1,18,0.09960854691116507,0.7388447460657861,22.821762268782614,1.210080414569318,18.8597071682258,0.42145738824858314,0.5831660122714144,0.14504863055900505,13.827000317497376,0.42145738824858314
dataset_data-PPI-cleaned-remapped-interactions_with_dates_1995_nodes_270_edges_335_component_0.edges-riemann_--batch-size-epochs_100-subsample_16-hyp_3-dim_3-euc_1-edim_3-sph_2-sdim_3_log.txt,PPI,1995,270,335,100,3,3,1,3,2,3,0.7871447182187414,0.1537975679836486,65.93130815212106,1.795922263401725,36.711671488073236,0.03792802828521182,0.153143978347866,0.9384793720239485,3.7172328420994645,0.03792802828521182
dataset_data-PPI-cleaned-remapped-interactions_with_dates_1995_nodes_270_edges_335_component_0.edges-riemann_--batch-size-epochs_100-subsample_16-hyp_1-dim_18-euc_0-edim_0-sph_0-sdim_0_log.txt,PPI,1995,270,335,100,1,18,0,0,0,0,0.8537413293768016,0.3446868066233069,61.999595842524165,2.3027899068883535,26.923687504910582,0.15931460214778548,0.3421107711571422,0.8841470367132107,12.23542967715357,0.15931460214778548
dataset_data-PPI-cleaned-remapped-interactions_with_dates_1995_nodes_270_edges_335_component_0.edges-riemann_--batch-size-epochs_100-subsample_16-hyp_0-dim_0-euc_1-edim_18-sph_0-sdim_0_log.txt,PPI,1995,270,335,100,0,0,1,18,0,0,0.7383501789787063,0.13870700659336646,53.902678551525014,1.7930125987865928,30.06263234737069,0.03153625607164215,0.13459557734839253,0.9639391854862798,3.1990749737807134,0.03153625607164215
dataset_data-PPI-cleaned-remapped-interactions_with_dates_1995_nodes_270_edges_335_component_0.edges-riemann_--batch-size-epochs_100-subsample_16-hyp_0-dim_0-euc_0-edim_0-sph_1-sdim_18_log.txt,PPI,1995,270,335,100,0,0,0,0,1,18,0.11469803081843427,0.7287959751821803,39.559010986190486,1.2122561144008497,32.632552243914475,0.42793908157329,0.5947918542987907,0.20115467098472073,14.43828419746291,0.42793908157329
dataset_data-PPI-cleaned-remapped-interactions_with_dates_1994_nodes_111_edges_142_component_0.edges-riemann_--batch-size-epochs_100-subsample_16-hyp_3-dim_3-euc_1-edim_3-sph_2-sdim_3_log.txt,PPI,1994,111,142,100,3,3,1,3,2,3,0.76220530681057,0.11265724928040625,12.050442419662735,1.5710456255344292,7.670332563106489,0.021217049585500233,0.1120298330081353,0.9393832214755589,2.545850693793893,0.021217049585500233
dataset_data-PPI-cleaned-remapped-interactions_with_dates_1994_nodes_111_edges_142_component_0.edges-riemann_--batch-size-epochs_100-subsample_16-hyp_1-dim_18-euc_0-edim_0-sph_0-sdim_0_log.txt,PPI,1994,111,142,100,1,18,0,0,0,0,0.8581445052753064,0.22698317598728926,55.53630512919582,2.109728531305999,26.323910543512827,0.07536870236589817,0.22321232791786158,0.924404531428329,6.482477524561764,0.07536870236589817
dataset_data-PPI-cleaned-remapped-interactions_with_dates_1994_nodes_111_edges_142_component_0.edges-riemann_--batch-size-epochs_100-subsample_16-hyp_0-dim_0-euc_1-edim_18-sph_0-sdim_0_log.txt,PPI,1994,111,142,100,0,0,1,18,0,0,0.7382033131657191,0.11095673912326962,13.56972761214042,1.6243653501303463,8.353864240610356,0.020903832576325703,0.10962033913182066,0.9299504308293179,2.69221721695396,0.020903832576325703
dataset_data-PPI-cleaned-remapped-interactions_with_dates_1994_nodes_111_edges_142_component_0.edges-riemann_--batch-size-epochs_100-subsample_16-hyp_0-dim_0-euc_0-edim_0-sph_1-sdim_18_log.txt,PPI,1994,111,142,100,0,0,0,0,1,18,0.18977358336117556,0.6205230028923301,22.886374635133834,1.205829593137902,18.979775223111883,0.31268505236941935,0.499374337086851,0.2942039090902602,10.60973463266619,0.31268505236941935
dataset_data-PPI-cleaned-remapped-interactions_with_dates_1993_nodes_81_edges_94_component_0.edges-riemann_--batch-size-epochs_100-subsample_16-hyp_3-dim_3-euc_1-edim_3-sph_2-sdim_3_log.txt,PPI,1993,81,94,100,3,3,1,3,2,3,0.8609714873603762,0.11218616035867225,5.341237197933622,1.64431020784355,3.248314808516849,0.02154185953932187,0.10908057824886112,0.9858950617283953,2.9347129769946005,0.02154185953932187
dataset_data-PPI-cleaned-remapped-interactions_with_dates_1993_nodes_81_edges_94_component_0.edges-riemann_--batch-size-epochs_100-subsample_16-hyp_1-dim_18-euc_0-edim_0-sph_0-sdim_0_log.txt,PPI,1993,81,94,100,1,18,0,0,0,0,0.9504826483530188,0.2895833267649617,10.924115300239457,2.1374177028635195,5.110893994002348,0.11500960300795564,0.28406648430398584,0.9504826483530188,8.607792314505616,0.11500960300795564
dataset_data-PPI-cleaned-remapped-interactions_with_dates_1993_nodes_81_edges_94_component_0.edges-riemann_--batch-size-epochs_100-subsample_16-hyp_0-dim_0-euc_1-edim_18-sph_0-sdim_0_log.txt,PPI,1993,81,94,100,0,0,1,18,0,0,0.8489491475602586,0.10568159477230023,19.10012023939121,1.8535986183973765,10.304345315009565,0.0181667159206575,0.10388855732468028,0.9742661179698217,2.775823991172921,0.0181667159206575
dataset_data-PPI-cleaned-remapped-interactions_with_dates_1993_nodes_81_edges_94_component_0.edges-riemann_--batch-size-epochs_100-subsample_16-hyp_0-dim_0-euc_0-edim_0-sph_1-sdim_18_log.txt,PPI,1993,81,94,100,0,0,0,0,1,18,0.21633182102965287,0.6537535562701646,27.86868886273968,1.2887376835737534,21.62479550179521,0.3630464718047752,0.5414957741690144,0.3264657368338377,14.382854643151882,0.3630464718047752
dataset_data-PPI-cleaned-remapped-interactions_with_dates_1992_nodes_33_edges_36_component_0.edges-riemann_--batch-size-epochs_100-subsample_16-hyp_3-dim_3-euc_1-edim_3-sph_2-sdim_3_log.txt,PPI,1992,33,36,100,3,3,1,3,2,3,0.9646464646464646,0.08924810003326693,5.98415011836943,1.405968416104258,4.256247899899966,0.013717980622330572,0.08880217970509813,0.9882154882154883,2.053525393130143,0.013717980622330572
dataset_data-PPI-cleaned-remapped-interactions_with_dates_1992_nodes_33_edges_36_component_0.edges-riemann_--batch-size-epochs_100-subsample_16-hyp_1-dim_18-euc_0-edim_0-sph_0-sdim_0_log.txt,PPI,1992,33,36,100,1,18,0,0,0,0,0.9336700336700336,0.2120130356941312,3.2960755988175725,1.4310720640752586,2.3032212573777384,0.07064660746799656,0.21285457716427839,0.9781144781144782,3.290157864996363,0.07064660746799656
dataset_data-PPI-cleaned-remapped-interactions_with_dates_1992_nodes_33_edges_36_component_0.edges-riemann_--batch-size-epochs_100-subsample_16-hyp_0-dim_0-euc_1-edim_18-sph_0-sdim_0_log.txt,PPI,1992,33,36,100,0,0,1,18,0,0,0.9638047138047139,0.09540334176513714,5.133253478897981,1.5184892903531193,3.380500285059146,0.01381347956723363,0.09099521323145392,0.9915824915824918,2.057283394220361,0.01381347956723363
dataset_data-PPI-cleaned-remapped-interactions_with_dates_1992_nodes_33_edges_36_component_0.edges-riemann_--batch-size-epochs_100-subsample_16-hyp_0-dim_0-euc_0-edim_0-sph_1-sdim_18_log.txt,PPI,1992,33,36,100,0,0,0,0,1,18,0.4802128427128427,0.5627468516481113,23.055381399199938,1.1853139011282923,19.45086561226834,0.3103872333075594,0.48439653362262175,0.6325444925444923,12.521930609337218,0.310393587871881
dataset_data-PPI-cleaned-remapped-interactions_with_dates_1991_nodes_11_edges_10_component_0.edges-riemann_--batch-size-epochs_100-subsample_16-hyp_3-dim_3-euc_1-edim_3-sph_2-sdim_3_log.txt,PPI,1991,11,10,100,3,3,1,3,2,3,1.0,0.0897033104160398,1.4279367362066584,1.267523299074642,1.1265565984066144,0.01281208969641609,0.08970331041603975,1.0,1.4078682728071785,0.01281208969641609
dataset_data-PPI-cleaned-remapped-interactions_with_dates_1991_nodes_11_edges_10_component_0.edges-riemann_--batch-size-epochs_100-subsample_16-hyp_1-dim_18-euc_0-edim_0-sph_0-sdim_0_log.txt,PPI,1991,11,10,100,1,18,0,0,0,0,1.0,0.06852136250220399,1.3049922465027564,1.1923385802251891,1.0944812724723636,0.006509001959863091,0.05883835524838936,1.0,1.2697913136779775,0.00682151497180963
dataset_data-PPI-cleaned-remapped-interactions_with_dates_1991_nodes_11_edges_10_component_0.edges-riemann_--batch-size-epochs_100-subsample_16-hyp_0-dim_0-euc_1-edim_18-sph_0-sdim_0_log.txt,PPI,1991,11,10,100,0,0,1,18,0,0,1.0,0.10281166269419195,1.4276643874963175,1.2402853147526256,1.1510773936568495,0.01352652688776638,0.09369917727899132,1.0,1.4276643874963175,0.014211225853346329
dataset_data-PPI-cleaned-remapped-interactions_with_dates_1991_nodes_11_edges_10_component_0.edges-riemann_--batch-size-epochs_100-subsample_16-hyp_0-dim_0-euc_0-edim_0-sph_1-sdim_18_log.txt,PPI,1991,11,10,100,0,0,0,0,1,18,1.0,0.2624044676808761,2.7843403481608457,1.264530248331463,2.2018772202837846,0.08866440822697057,0.26122979184357453,1.0,2.659514782077723,0.08866440822697057
dataset_data-PPI-cleaned-remapped-interactions_with_dates_1990_nodes_10_edges_13_component_0.edges-riemann_--batch-size-epochs_100-subsample_16-hyp_3-dim_3-euc_1-edim_3-sph_2-sdim_3_log.txt,PPI,1990,10,13,100,3,3,1,3,2,3,1.0,0.07778537665852495,1.4366240323408275,1.234285235785037,1.163931958909885,0.00890915047185672,0.0761038372987776,1.0,1.4366240323408275,0.00952131085829162
dataset_data-PPI-cleaned-remapped-interactions_with_dates_1990_nodes_10_edges_13_component_0.edges-riemann_--batch-size-epochs_100-subsample_16-hyp_1-dim_18-euc_0-edim_0-sph_0-sdim_0_log.txt,PPI,1990,10,13,100,1,18,0,0,0,0,1.0,0.06232779453279251,1.3815631489581905,1.1753672083216764,1.1754310816029523,0.005761759048904028,0.05728511246228967,1.0,1.3684154566384805,0.006255159979113133
dataset_data-PPI-cleaned-remapped-interactions_with_dates_1990_nodes_10_edges_13_component_0.edges-riemann_--batch-size-epochs_100-subsample_16-hyp_0-dim_0-euc_1-edim_18-sph_0-sdim_0_log.txt,PPI,1990,10,13,100,0,0,1,18,0,0,1.0,0.08116737185257092,1.4605606314200585,1.2089702286247834,1.2081030589822397,0.009586678103018376,0.07783960913085339,1.0,1.455853453711081,0.01019933052138315
dataset_data-PPI-cleaned-remapped-interactions_with_dates_1990_nodes_10_edges_13_component_0.edges-riemann_--batch-size-epochs_100-subsample_16-hyp_0-dim_0-euc_0-edim_0-sph_1-sdim_18_log.txt,PPI,1990,10,13,100,0,0,0,0,1,18,1.0,0.21276166199052815,2.600675352356574,1.1816411431039577,2.2009011513640004,0.06850831088724137,0.21022570472391144,1.0,2.3874391645242152,0.06903702434524842
dataset_data-PPI-cleaned-remapped-interactions_with_dates_1989_nodes_5_edges_4_component_0.edges-riemann_--batch-size-epochs_100-subsample_16-hyp_3-dim_3-euc_1-edim_3-sph_2-sdim_3_log.txt,PPI,1989,5,4,100,3,3,1,3,2,3,0.4,55297259232.57451,6217531409.190027,138243148048.30386,0.044975331486357246,434556903.3532895,52749.51102793062,0.4,5928.617948313796,1.0205301762630936
dataset_data-PPI-cleaned-remapped-interactions_with_dates_1989_nodes_5_edges_4_component_0.edges-riemann_--batch-size-epochs_100-subsample_16-hyp_1-dim_18-euc_0-edim_0-sph_0-sdim_0_log.txt,PPI,1989,5,4,100,1,18,0,0,0,0,0.4,22.201847640853266,2.045016328806128,33.39645210910061,0.06123453839124595,561.1621883084914,22.199661896409243,0.4,2.0431117317590486,561.3896072405558
dataset_data-PPI-cleaned-remapped-interactions_with_dates_1989_nodes_5_edges_4_component_0.edges-riemann_--batch-size-epochs_100-subsample_16-hyp_0-dim_0-euc_1-edim_18-sph_0-sdim_0_log.txt,PPI,1989,5,4,100,0,0,1,18,0,0,0.4,254570203211.68262,3103710913824.949,636425508029.1704,4.876785852654246,9209565779.26721,242777.80818933496,0.4,3047250.1717445375,2.1628867342673117
dataset_data-PPI-cleaned-remapped-interactions_with_dates_1989_nodes_5_edges_4_component_0.edges-riemann_--batch-size-epochs_100-subsample_16-hyp_0-dim_0-euc_0-edim_0-sph_1-sdim_18_log.txt,PPI,1989,5,4,100,0,0,0,0,1,18,1.0,0.20699144322086274,1.8518645852654456,1.2945043820883555,1.430558761244153,0.03684378829963573,0.19246702902314208,1.0,1.7391923361094508,0.05914587344105713
dataset_data-PPI-cleaned-remapped-interactions_with_dates_1988_nodes_6_edges_5_component_0.edges-riemann_--batch-size-epochs_100-subsample_16-hyp_3-dim_3-euc_1-edim_3-sph_2-sdim_3_log.txt,PPI,1988,6,5,100,3,3,1,3,2,3,0.3090277777777778,462937242759063.6,69797133713509.984,1467445750080402.5,0.04756368929460305,66222.48666733938,409.56129104922996,0.3090277777777778,62.0133421911582,1.4529857063085534
dataset_data-PPI-cleaned-remapped-interactions_with_dates_1988_nodes_6_edges_5_component_0.edges-riemann_--batch-size-epochs_100-subsample_16-hyp_1-dim_18-euc_0-edim_0-sph_0-sdim_0_log.txt,PPI,1988,6,5,100,1,18,0,0,0,0,0.30069444444444443,19.653461255518575,3.0727180990049856,33.61717001241966,0.0914032352476365,441.04272969870266,19.61376926993787,0.30069444444444443,3.0706525956711923,472.7124844925819
dataset_data-PPI-cleaned-remapped-interactions_with_dates_1988_nodes_6_edges_5_component_0.edges-riemann_--batch-size-epochs_100-subsample_16-hyp_0-dim_0-euc_1-edim_18-sph_0-sdim_0_log.txt,PPI,1988,6,5,100,0,0,1,18,0,0,0.3090277777777778,679248659178440.9,6280087034753506.0,2153122423719102.8,2.916734768804214,140180.81216969216,591.9712423184284,0.3090277777777778,24.609119985670347,3.128057158305682
dataset_data-PPI-cleaned-remapped-interactions_with_dates_1988_nodes_6_edges_5_component_0.edges-riemann_--batch-size-epochs_100-subsample_16-hyp_0-dim_0-euc_0-edim_0-sph_1-sdim_18_log.txt,PPI,1988,6,5,100,0,0,0,0,1,18,1.0,0.20320058932905938,2.953531553244397,1.742300641904692,1.6951905326830283,0.07758921845558607,0.2030974795904779,1.0,2.9485617117443805,0.07803404739232753
dataset_data-PPI-cleaned-remapped-interactions_with_dates_1987_nodes_10_edges_13_component_0.edges-riemann_--batch-size-epochs_100-subsample_16-hyp_3-dim_3-euc_1-edim_3-sph_2-sdim_3_log.txt,PPI,1987,10,13,100,3,3,1,3,2,3,0.9822052154195011,0.1355112132167384,2.063132057220062,1.2350248654696963,1.6705186388578708,0.028409873247716114,0.13551121321673834,1.0,1.8965378142905571,0.028409873247716114
dataset_data-PPI-cleaned-remapped-interactions_with_dates_1987_nodes_10_edges_13_component_0.edges-riemann_--batch-size-epochs_100-subsample_16-hyp_1-dim_18-euc_0-edim_0-sph_0-sdim_0_log.txt,PPI,1987,10,13,100,1,18,0,0,0,0,0.9489115646258505,0.14096973393766615,2.366866375136769,1.2462475832093998,1.8991943551388843,0.028275614006682943,0.1373122362748578,0.9885544217687074,2.02122970636741,0.030755851693740892
dataset_data-PPI-cleaned-remapped-interactions_with_dates_1987_nodes_10_edges_13_component_0.edges-riemann_--batch-size-epochs_100-subsample_16-hyp_0-dim_0-euc_1-edim_18-sph_0-sdim_0_log.txt,PPI,1987,10,13,100,0,0,1,18,0,0,1.0,0.13762190607443708,1.870340162145562,1.2441593859762656,1.503296268329757,0.029495796479467856,0.13509651117369673,1.0,1.6925119195065177,0.0295219199830481
dataset_data-PPI-cleaned-remapped-interactions_with_dates_1987_nodes_10_edges_13_component_0.edges-riemann_--batch-size-epochs_100-subsample_16-hyp_0-dim_0-euc_0-edim_0-sph_1-sdim_18_log.txt,PPI,1987,10,13,100,0,0,0,0,1,18,1.0,0.20500629885603447,2.2077747940504087,1.270396591585526,1.7378626553893555,0.048151956539907795,0.20141794866011656,1.0,2.0357239403714766,0.05045919698751326
dataset_data-PPI-cleaned-remapped-interactions_with_dates_1986_nodes_5_edges_6_component_0.edges-riemann_--batch-size-epochs_100-subsample_16-hyp_3-dim_3-euc_1-edim_3-sph_2-sdim_3_log.txt,PPI,1986,5,6,100,3,3,1,3,2,3,0.5444444444444444,160752954537.82346,109550409.33437173,400768368744.3216,0.0002733509375443292,3652883445.8516626,157306.29820407773,0.5444444444444444,12321.5961403674,8.560532479164706
dataset_data-PPI-cleaned-remapped-interactions_with_dates_1986_nodes_5_edges_6_component_0.edges-riemann_--batch-size-epochs_100-subsample_16-hyp_1-dim_18-euc_0-edim_0-sph_0-sdim_0_log.txt,PPI,1986,5,6,100,1,18,0,0,0,0,0.5444444444444445,25.54143654303648,2.033111287027494,33.317113544665034,0.061023032031328237,718.761103704976,25.522656009950886,0.5444444444444444,2.03029461715877,719.3774779190758
dataset_data-PPI-cleaned-remapped-interactions_with_dates_1986_nodes_5_edges_6_component_0.edges-riemann_--batch-size-epochs_100-subsample_16-hyp_0-dim_0-euc_1-edim_18-sph_0-sdim_0_log.txt,PPI,1986,5,6,100,0,0,1,18,0,0,0.5444444444444444,262265788240.7016,158934760.5472664,648594083867.9348,0.0002450450358712003,9767392301.577677,272499.4923970982,0.5444444444444444,39658.28172235204,2.238121494930339
dataset_data-PPI-cleaned-remapped-interactions_with_dates_1986_nodes_5_edges_6_component_0.edges-riemann_--batch-size-epochs_100-subsample_16-hyp_0-dim_0-euc_0-edim_0-sph_1-sdim_18_log.txt,PPI,1986,5,6,100,0,0,0,0,1,18,0.95,0.3455252146530525,3.3819674058564098,1.6899147478191752,2.0012650994500274,0.11091187164621244,0.24867919573012393,0.9666666666666666,2.4030198234714693,0.18293376136293443
dataset_data-PPI-cleaned-remapped-interactions_with_dates_1985_nodes_3_edges_2_component_0.edges-riemann_--batch-size-epochs_100-subsample_16-hyp_3-dim_3-euc_1-edim_3-sph_2-sdim_3_log.txt,PPI,1985,3,2,100,3,3,1,3,2,3,0.6666666666666666,516956494.4175062,20675.3595567409,775424483.7306706,2.6663279262564665,10000000000.0,516956494.4175062,0.6666666666666666,20675.3595567409,2.871738724070388
dataset_data-PPI-cleaned-remapped-interactions_with_dates_1985_nodes_3_edges_2_component_0.edges-riemann_--batch-size-epochs_100-subsample_16-hyp_1-dim_18-euc_0-edim_0-sph_0-sdim_0_log.txt,PPI,1985,3,2,100,1,18,0,0,0,0,0.6666666666666666,26.76872765853946,2.0229353017961476,33.39974550979429,0.060567386694696,780.1712220247051,26.76872765853946,0.6666666666666666,2.0229353017961476,781.913645323188
dataset_data-PPI-cleaned-remapped-interactions_with_dates_1985_nodes_3_edges_2_component_0.edges-riemann_--batch-size-epochs_100-subsample_16-hyp_0-dim_0-euc_1-edim_18-sph_0-sdim_0_log.txt,PPI,1985,3,2,100,0,0,1,18,0,0,0.6666666666666666,2056035155.6547868,5563.686838679179,3083824554.3026094,1.8041515464673954,10000000000.0,2056035155.6547868,0.6666666666666666,0.9999999999999999,4.541935280068582
dataset_data-PPI-cleaned-remapped-interactions_with_dates_1985_nodes_3_edges_2_component_0.edges-riemann_--batch-size-epochs_100-subsample_16-hyp_0-dim_0-euc_0-edim_0-sph_1-sdim_18_log.txt,PPI,1985,3,2,100,0,0,0,0,1,18,0.8333333333333334,0.3631805532158318,2.003179741088062,1.4894402043241437,1.3449212229349183,0.052439581936260415,0.12311250723195459,1.0,1.3824820816518004,0.22994309590017825
dataset_data-PPI-cleaned-remapped-interactions_with_dates_1984_nodes_3_edges_2_component_0.edges-riemann_--batch-size-epochs_100-subsample_16-hyp_3-dim_3-euc_1-edim_3-sph_2-sdim_3_log.txt,PPI,1984,3,2,100,3,3,1,3,2,3,0.6666666666666666,293301673.60625225,3362.048193301846,439998708.4105477,7.641041050886073,10000000000.0,293301673.60625225,0.6666666666666666,3362.048193301846,9.241826535372235
dataset_data-PPI-cleaned-remapped-interactions_with_dates_1984_nodes_3_edges_2_component_0.edges-riemann_--batch-size-epochs_100-subsample_16-hyp_1-dim_18-euc_0-edim_0-sph_0-sdim_0_log.txt,PPI,1984,3,2,100,1,18,0,0,0,0,0.6666666666666666,26.799399465347488,2.022398261212852,33.435179267132064,0.060487136768575346,780.3288368214013,26.79138087079819,0.6666666666666666,2.0223388328350906,780.3288368214013
dataset_data-PPI-cleaned-remapped-interactions_with_dates_1984_nodes_3_edges_2_component_0.edges-riemann_--batch-size-epochs_100-subsample_16-hyp_0-dim_0-euc_1-edim_18-sph_0-sdim_0_log.txt,PPI,1984,3,2,100,0,0,1,18,0,0,0.6666666666666666,1744145768.750161,3657.7248643551693,2615902208.2801795,1.398265138802698,10000000000.0,1744145768.750161,0.6666666666666666,0.9999999999999999,3.268170737986077
dataset_data-PPI-cleaned-remapped-interactions_with_dates_1984_nodes_3_edges_2_component_0.edges-riemann_--batch-size-epochs_100-subsample_16-hyp_0-dim_0-euc_0-edim_0-sph_1-sdim_18_log.txt,PPI,1984,3,2,100,0,0,0,0,1,18,0.6666666666666666,0.4828681737998573,8.373640871353334,1.4776174383274339,5.666988392362063,0.2697571730825961,0.44367172638035896,0.8333333333333334,2.3794611577178215,0.2697571730825961
dataset_data-PPI-cleaned-remapped-interactions_with_dates_1983_nodes_16_edges_15_component_0.edges-riemann_--batch-size-epochs_100-subsample_16-hyp_3-dim_3-euc_1-edim_3-sph_2-sdim_3_log.txt,PPI,1983,16,15,100,3,3,1,3,2,3,1.0,0.07376033967859413,1.4268465812607536,1.3280486424389653,1.0743933133656502,0.014033361734364954,0.07365559548882034,1.0,1.4234803958015079,0.014033361734364954
dataset_data-PPI-cleaned-remapped-interactions_with_dates_1983_nodes_16_edges_15_component_0.edges-riemann_--batch-size-epochs_100-subsample_16-hyp_1-dim_18-euc_0-edim_0-sph_0-sdim_0_log.txt,PPI,1983,16,15,100,1,18,0,0,0,0,1.0,0.05259931989305282,1.3027334174917666,1.2468614631312565,1.044810073943739,0.0076264605696234385,0.046056762176937195,1.0,1.3027334174917666,0.007913271695740774
dataset_data-PPI-cleaned-remapped-interactions_with_dates_1983_nodes_16_edges_15_component_0.edges-riemann_--batch-size-epochs_100-subsample_16-hyp_0-dim_0-euc_1-edim_18-sph_0-sdim_0_log.txt,PPI,1983,16,15,100,0,0,1,18,0,0,1.0,0.08192605822420988,1.428045335704252,1.334630882031381,1.0699927260267565,0.015024319053747707,0.08183059215456827,1.0,1.4143422241826231,0.015095351888057626
dataset_data-PPI-cleaned-remapped-interactions_with_dates_1983_nodes_16_edges_15_component_0.edges-riemann_--batch-size-epochs_100-subsample_16-hyp_0-dim_0-euc_0-edim_0-sph_1-sdim_18_log.txt,PPI,1983,16,15,100,0,0,0,0,1,18,1.0,0.22323959003132698,1.7867556729321712,1.3953242173671694,1.280530826235921,0.055262876482530254,0.22301326384402817,1.0,1.728420436360324,0.05545647938541414
dataset_data-PPI-cleaned-remapped-interactions_with_dates_1982_nodes_3_edges_2_component_0.edges-riemann_--batch-size-epochs_100-subsample_16-hyp_3-dim_3-euc_1-edim_3-sph_2-sdim_3_log.txt,PPI,1982,3,2,100,3,3,1,3,2,3,0.6666666666666666,263081318.09459445,2857.701833200959,394666590.5241358,7.240799960811976,10000000000.0,263081318.09459445,0.6666666666666666,2857.701833200959,7.435084985657843
dataset_data-PPI-cleaned-remapped-interactions_with_dates_1982_nodes_3_edges_2_component_0.edges-riemann_--batch-size-epochs_100-subsample_16-hyp_1-dim_18-euc_0-edim_0-sph_0-sdim_0_log.txt,PPI,1982,3,2,100,1,18,0,0,0,0,0.6666666666666666,26.799193255594783,2.0240645434983646,33.441927966111095,0.06052475639411348,780.0402480253921,26.791500340928092,0.6666666666666666,2.024034620632683,781.1302584417409
dataset_data-PPI-cleaned-remapped-interactions_with_dates_1982_nodes_3_edges_2_component_0.edges-riemann_--batch-size-epochs_100-subsample_16-hyp_0-dim_0-euc_1-edim_18-sph_0-sdim_0_log.txt,PPI,1982,3,2,100,0,0,1,18,0,0,0.6666666666666666,1933455819.173782,4629.817092299549,2899960124.778072,1.5965106046600759,10000000000.0,1933455819.173782,0.6666666666666666,0.9999999999999999,4.016359906075547
dataset_data-PPI-cleaned-remapped-interactions_with_dates_1982_nodes_3_edges_2_component_0.edges-riemann_--batch-size-epochs_100-subsample_16-hyp_0-dim_0-euc_0-edim_0-sph_1-sdim_18_log.txt,PPI,1982,3,2,100,0,0,0,0,1,18,0.6666666666666666,0.7637449756702063,3.2696655258352094,2.0251251976468216,1.6145498212330442,0.1585215630435098,0.4056947276461201,1.0,1.1211698096276403,1.6479644190692664
dataset_data-PPI-cleaned-remapped-interactions_with_dates_1981_nodes_2_edges_1_component_0.edges-riemann_--batch-size-epochs_100-subsample_16-hyp_3-dim_3-euc_1-edim_3-sph_2-sdim_3_log.txt,PPI,1981,2,1,100,3,3,1,3,2,3,1.0,1806650475476.56,1.0,1806650475477.56,5.5351049556814,10000000000.0,10000000000.0,1.0,0.9999999999999999,1.354843864639232
dataset_data-PPI-cleaned-remapped-interactions_with_dates_1981_nodes_2_edges_1_component_0.edges-riemann_--batch-size-epochs_100-subsample_16-hyp_1-dim_18-euc_0-edim_0-sph_0-sdim_0_log.txt,PPI,1981,2,1,100,1,18,0,0,0,0,1.0,32.62248556601693,1.0,33.62248556601693,0.029742001020017526,1063.2229532380286,32.60758825650746,1.0,1.0,1064.2265645049827
dataset_data-PPI-cleaned-remapped-interactions_with_dates_1981_nodes_2_edges_1_component_0.edges-riemann_--batch-size-epochs_100-subsample_16-hyp_0-dim_0-euc_1-edim_18-sph_0-sdim_0_log.txt,PPI,1981,2,1,100,0,0,1,18,0,0,1.0,6056276559865.991,1.0,6056276559866.991,1.6511795492079744,10000000000.0,10000000000.0,1.0,0.9999999999999999,1.5224827041063689
dataset_data-PPI-cleaned-remapped-interactions_with_dates_1981_nodes_2_edges_1_component_0.edges-riemann_--batch-size-epochs_100-subsample_16-hyp_0-dim_0-euc_0-edim_0-sph_1-sdim_18_log.txt,PPI,1981,2,1,100,0,0,0,0,1,18,1.0,1.9356992304139622,1.0,2.935699230413962,0.34063435029037026,0.02987060695788696,0.16488082446673413,1.0,0.9999999999999999,2.40743435452355
dataset_data-PPI-cleaned-remapped-interactions_with_dates_1980_nodes_2_edges_1_component_0.edges-riemann_--batch-size-epochs_100-subsample_16-hyp_3-dim_3-euc_1-edim_3-sph_2-sdim_3_log.txt,PPI,1980,2,1,100,3,3,1,3,2,3,1.0,1806650475476.56,1.0,1806650475477.56,5.5351049556814,10000000000.0,10000000000.0,1.0,0.9999999999999999,1.354843864639232
dataset_data-PPI-cleaned-remapped-interactions_with_dates_1980_nodes_2_edges_1_component_0.edges-riemann_--batch-size-epochs_100-subsample_16-hyp_1-dim_18-euc_0-edim_0-sph_0-sdim_0_log.txt,PPI,1980,2,1,100,1,18,0,0,0,0,1.0,32.62248556601693,1.0,33.62248556601693,0.029742001020017526,1063.2229532380286,32.60758825650746,1.0,1.0,1064.2265645049827
dataset_data-PPI-cleaned-remapped-interactions_with_dates_1980_nodes_2_edges_1_component_0.edges-riemann_--batch-size-epochs_100-subsample_16-hyp_0-dim_0-euc_1-edim_18-sph_0-sdim_0_log.txt,PPI,1980,2,1,100,0,0,1,18,0,0,1.0,6056276559865.991,1.0,6056276559866.991,1.6511795492079744,10000000000.0,10000000000.0,1.0,0.9999999999999999,1.5224827041063689
dataset_data-PPI-cleaned-remapped-interactions_with_dates_1980_nodes_2_edges_1_component_0.edges-riemann_--batch-size-epochs_100-subsample_16-hyp_0-dim_0-euc_0-edim_0-sph_1-sdim_18_log.txt,PPI,1980,2,1,100,0,0,0,0,1,18,1.0,1.9356992304139622,1.0,2.935699230413962,0.34063435029037026,0.02987060695788696,0.16488082446673413,1.0,0.9999999999999999,2.40743435452355
dataset_data-PPI-cleaned-remapped-interactions_with_dates_1979_nodes_3_edges_2_component_0.edges-riemann_--batch-size-epochs_100-subsample_16-hyp_3-dim_3-euc_1-edim_3-sph_2-sdim_3_log.txt,PPI,1979,3,2,100,3,3,1,3,2,3,0.6666666666666666,293301673.60625225,3362.048193301846,439998708.4105477,7.641041050886073,10000000000.0,293301673.60625225,0.6666666666666666,3362.048193301846,9.241826535372235
dataset_data-PPI-cleaned-remapped-interactions_with_dates_1979_nodes_3_edges_2_component_0.edges-riemann_--batch-size-epochs_100-subsample_16-hyp_1-dim_18-euc_0-edim_0-sph_0-sdim_0_log.txt,PPI,1979,3,2,100,1,18,0,0,0,0,0.6666666666666666,26.799399465347488,2.022398261212852,33.435179267132064,0.060487136768575346,780.3288368214013,26.79138087079819,0.6666666666666666,2.0223388328350906,780.3288368214013
dataset_data-PPI-cleaned-remapped-interactions_with_dates_1979_nodes_3_edges_2_component_0.edges-riemann_--batch-size-epochs_100-subsample_16-hyp_0-dim_0-euc_1-edim_18-sph_0-sdim_0_log.txt,PPI,1979,3,2,100,0,0,1,18,0,0,0.6666666666666666,1744145768.750161,3657.7248643551693,2615902208.2801795,1.398265138802698,10000000000.0,1744145768.750161,0.6666666666666666,0.9999999999999999,3.268170737986077
dataset_data-PPI-cleaned-remapped-interactions_with_dates_1979_nodes_3_edges_2_component_0.edges-riemann_--batch-size-epochs_100-subsample_16-hyp_0-dim_0-euc_0-edim_0-sph_1-sdim_18_log.txt,PPI,1979,3,2,100,0,0,0,0,1,18,0.6666666666666666,0.4828681737998573,8.373640871353334,1.4776174383274339,5.666988392362063,0.2697571730825961,0.44367172638035896,0.8333333333333334,2.3794611577178215,0.2697571730825961
dataset_data-PPI-cleaned-remapped-interactions_with_dates_1977_nodes_2_edges_1_component_0.edges-riemann_--batch-size-epochs_100-subsample_16-hyp_3-dim_3-euc_1-edim_3-sph_2-sdim_3_log.txt,PPI,1977,2,1,100,3,3,1,3,2,3,1.0,1806650475476.56,1.0,1806650475477.56,5.5351049556814,10000000000.0,10000000000.0,1.0,0.9999999999999999,1.354843864639232
dataset_data-PPI-cleaned-remapped-interactions_with_dates_1977_nodes_2_edges_1_component_0.edges-riemann_--batch-size-epochs_100-subsample_16-hyp_1-dim_18-euc_0-edim_0-sph_0-sdim_0_log.txt,PPI,1977,2,1,100,1,18,0,0,0,0,1.0,32.62248556601693,1.0,33.62248556601693,0.029742001020017526,1063.2229532380286,32.60758825650746,1.0,1.0,1064.2265645049827
dataset_data-PPI-cleaned-remapped-interactions_with_dates_1977_nodes_2_edges_1_component_0.edges-riemann_--batch-size-epochs_100-subsample_16-hyp_0-dim_0-euc_1-edim_18-sph_0-sdim_0_log.txt,PPI,1977,2,1,100,0,0,1,18,0,0,1.0,6056276559865.991,1.0,6056276559866.991,1.6511795492079744,10000000000.0,10000000000.0,1.0,0.9999999999999999,1.5224827041063689
dataset_data-PPI-cleaned-remapped-interactions_with_dates_1977_nodes_2_edges_1_component_0.edges-riemann_--batch-size-epochs_100-subsample_16-hyp_0-dim_0-euc_0-edim_0-sph_1-sdim_18_log.txt,PPI,1977,2,1,100,0,0,0,0,1,18,1.0,1.9356992304139622,1.0,2.935699230413962,0.34063435029037026,0.02987060695788696,0.16488082446673413,1.0,0.9999999999999999,2.40743435452355
dataset_data-PPI-cleaned-remapped-interactions_with_dates_1976_nodes_2_edges_1_component_0.edges-riemann_--batch-size-epochs_100-subsample_16-hyp_3-dim_3-euc_1-edim_3-sph_2-sdim_3_log.txt,PPI,1976,2,1,100,3,3,1,3,2,3,1.0,1806650475476.56,1.0,1806650475477.56,5.5351049556814,10000000000.0,10000000000.0,1.0,0.9999999999999999,1.354843864639232
dataset_data-PPI-cleaned-remapped-interactions_with_dates_1976_nodes_2_edges_1_component_0.edges-riemann_--batch-size-epochs_100-subsample_16-hyp_1-dim_18-euc_0-edim_0-sph_0-sdim_0_log.txt,PPI,1976,2,1,100,1,18,0,0,0,0,1.0,32.62248556601693,1.0,33.62248556601693,0.029742001020017526,1063.2229532380286,32.60758825650746,1.0,1.0,1064.2265645049827
dataset_data-PPI-cleaned-remapped-interactions_with_dates_1976_nodes_2_edges_1_component_0.edges-riemann_--batch-size-epochs_100-subsample_16-hyp_0-dim_0-euc_1-edim_18-sph_0-sdim_0_log.txt,PPI,1976,2,1,100,0,0,1,18,0,0,1.0,6056276559865.991,1.0,6056276559866.991,1.6511795492079744,10000000000.0,10000000000.0,1.0,0.9999999999999999,1.5224827041063689
dataset_data-PPI-cleaned-remapped-interactions_with_dates_1976_nodes_2_edges_1_component_0.edges-riemann_--batch-size-epochs_100-subsample_16-hyp_0-dim_0-euc_0-edim_0-sph_1-sdim_18_log.txt,PPI,1976,2,1,100,0,0,0,0,1,18,1.0,1.9356992304139622,1.0,2.935699230413962,0.34063435029037026,0.02987060695788696,0.16488082446673413,1.0,0.9999999999999999,2.40743435452355
dataset_data-PPI-cleaned-remapped-interactions_with_dates_1975_nodes_2_edges_1_component_0.edges-riemann_--batch-size-epochs_100-subsample_16-hyp_3-dim_3-euc_1-edim_3-sph_2-sdim_3_log.txt,PPI,1975,2,1,100,3,3,1,3,2,3,1.0,1806650475476.56,1.0,1806650475477.56,5.5351049556814,10000000000.0,10000000000.0,1.0,0.9999999999999999,1.354843864639232
dataset_data-PPI-cleaned-remapped-interactions_with_dates_1975_nodes_2_edges_1_component_0.edges-riemann_--batch-size-epochs_100-subsample_16-hyp_1-dim_18-euc_0-edim_0-sph_0-sdim_0_log.txt,PPI,1975,2,1,100,1,18,0,0,0,0,1.0,32.62248556601693,1.0,33.62248556601693,0.029742001020017526,1063.2229532380286,32.60758825650746,1.0,1.0,1064.2265645049827
dataset_data-PPI-cleaned-remapped-interactions_with_dates_1975_nodes_2_edges_1_component_0.edges-riemann_--batch-size-epochs_100-subsample_16-hyp_0-dim_0-euc_1-edim_18-sph_0-sdim_0_log.txt,PPI,1975,2,1,100,0,0,1,18,0,0,1.0,6056276559865.991,1.0,6056276559866.991,1.6511795492079744,10000000000.0,10000000000.0,1.0,0.9999999999999999,1.5224827041063689
dataset_data-PPI-cleaned-remapped-interactions_with_dates_1975_nodes_2_edges_1_component_0.edges-riemann_--batch-size-epochs_100-subsample_16-hyp_0-dim_0-euc_0-edim_0-sph_1-sdim_18_log.txt,PPI,1975,2,1,100,0,0,0,0,1,18,1.0,1.9356992304139622,1.0,2.935699230413962,0.34063435029037026,0.02987060695788696,0.16488082446673413,1.0,0.9999999999999999,2.40743435452355
dataset_data-PPI-cleaned-remapped-interactions_with_dates_1972_nodes_2_edges_1_component_0.edges-riemann_--batch-size-epochs_100-subsample_16-hyp_3-dim_3-euc_1-edim_3-sph_2-sdim_3_log.txt,PPI,1972,2,1,100,3,3,1,3,2,3,1.0,1806650475476.56,1.0,1806650475477.56,5.5351049556814,10000000000.0,10000000000.0,1.0,0.9999999999999999,1.354843864639232
dataset_data-PPI-cleaned-remapped-interactions_with_dates_1972_nodes_2_edges_1_component_0.edges-riemann_--batch-size-epochs_100-subsample_16-hyp_1-dim_18-euc_0-edim_0-sph_0-sdim_0_log.txt,PPI,1972,2,1,100,1,18,0,0,0,0,1.0,32.62248556601693,1.0,33.62248556601693,0.029742001020017526,1063.2229532380286,32.60758825650746,1.0,1.0,1064.2265645049827
dataset_data-PPI-cleaned-remapped-interactions_with_dates_1972_nodes_2_edges_1_component_0.edges-riemann_--batch-size-epochs_100-subsample_16-hyp_0-dim_0-euc_1-edim_18-sph_0-sdim_0_log.txt,PPI,1972,2,1,100,0,0,1,18,0,0,1.0,6056276559865.991,1.0,6056276559866.991,1.6511795492079744,10000000000.0,10000000000.0,1.0,0.9999999999999999,1.5224827041063689
dataset_data-PPI-cleaned-remapped-interactions_with_dates_1972_nodes_2_edges_1_component_0.edges-riemann_--batch-size-epochs_100-subsample_16-hyp_0-dim_0-euc_0-edim_0-sph_1-sdim_18_log.txt,PPI,1972,2,1,100,0,0,0,0,1,18,1.0,1.9356992304139622,1.0,2.935699230413962,0.34063435029037026,0.02987060695788696,0.16488082446673413,1.0,0.9999999999999999,2.40743435452355
dataset_data-PPI-cleaned-remapped-interactions_with_dates_1970_nodes_2_edges_1_component_0.edges-riemann_--batch-size-epochs_100-subsample_16-hyp_3-dim_3-euc_1-edim_3-sph_2-sdim_3_log.txt,PPI,1970,2,1,100,3,3,1,3,2,3,1.0,1806650475476.56,1.0,1806650475477.56,5.5351049556814,10000000000.0,10000000000.0,1.0,0.9999999999999999,1.354843864639232
dataset_data-PPI-cleaned-remapped-interactions_with_dates_1970_nodes_2_edges_1_component_0.edges-riemann_--batch-size-epochs_100-subsample_16-hyp_1-dim_18-euc_0-edim_0-sph_0-sdim_0_log.txt,PPI,1970,2,1,100,1,18,0,0,0,0,1.0,32.62248556601693,1.0,33.62248556601693,0.029742001020017526,1063.2229532380286,32.60758825650746,1.0,1.0,1064.2265645049827
dataset_data-PPI-cleaned-remapped-interactions_with_dates_1970_nodes_2_edges_1_component_0.edges-riemann_--batch-size-epochs_100-subsample_16-hyp_0-dim_0-euc_1-edim_18-sph_0-sdim_0_log.txt,PPI,1970,2,1,100,0,0,1,18,0,0,1.0,6056276559865.991,1.0,6056276559866.991,1.6511795492079744,10000000000.0,10000000000.0,1.0,0.9999999999999999,1.5224827041063689
dataset_data-PPI-cleaned-remapped-interactions_with_dates_1970_nodes_2_edges_1_component_0.edges-riemann_--batch-size-epochs_100-subsample_16-hyp_0-dim_0-euc_0-edim_0-sph_1-sdim_18_log.txt,PPI,1970,2,1,100,0,0,0,0,1,18,1.0,1.9356992304139622,1.0,2.935699230413962,0.34063435029037026,0.02987060695788696,0.16488082446673413,1.0,0.9999999999999999,2.40743435452355
